id,symbol,name,image,current_price,market_cap,market_cap_rank,fully_diluted_valuation,total_volume,high_24h,low_24h,price_change_24h,price_change_percentage_24h,market_cap_change_24h,market_cap_change_percentage_24h,circulating_supply,total_supply,max_supply,ath,ath_change_percentage,ath_date,atl,atl_change_percentage,atl_date,roi,last_updated,roi_percentage
bitcoin,btc,Bitcoin,https://coin-images.coingecko.com/coins/images/1/large/bitcoin.png?1696501400,75932.0,1525053673065,1,1525053673065,38636810373.0,77163.0,75038.0,-1108.999098664528,-1.42338,-22282567376.423096,-1.44006,20085171.0,20085187.0,21000000.0,126080.0,-39.77477,2025-10-06 10:57:42+00:00,67.81,111879.09832,2013-07-05 16:00:00+00:00,,2026-09-16 10:45:20+00:00,
ethereum,eth,Ethereum,https://coin-images.coingecko.com/coins/images/279/large/ethereum.png?1696501628,2404.82,293480802544,2,293480802544,19072457471.0,2486.48,2361.16,-75.13736210522302,-3.00839,-9198168443.704407,-3.03892,122053082.69974948,122053082.6997494,,4946.05,-51.37897,2025-08-24 11:21:03+00:00,0.432979,555312.70878,2015-10-19 16:00:00+00:00,"{'times': 41.3399896835311, 'currency': 'btc', 'percentage': 4133.99896835311}",2026-09-16 10:45:20+00:00,4133.99896835311
tether,usdt,Tether,https://coin-images.coingecko.com/coins/images/325/large/Tether.png?1696501661,0.99934,183315550927,3,188778710898,67963551961.0,0.999744,0.999246,-0.000318731277511808,-0.03543,-53081197.37332153,-0.02895,183442587855.57993,188909533773.7262,,1.32,-24.46952,2018-07-23 16:00:00+00:00,0.572521,74.55083,2015-03-01 16:00:00+00:00,,2026-09-16 10:45:20+00:00,
binancecoin,bnb,BNB,https://coin-images.coingecko.com/coins/images/825/large/bnb-icon2_2x.png?1696501970,711.21,94697822205,4,94697824189,982818614.0,723.82,704.22,-7.680250066954841,-1.08438,-1030807067.9012451,-1.0768,133160644.37,133160644.37,200000000.0,1369.99,-48.08619,2025-10-13 00:41:24+00:00,0.0398177,1786077.75259,2017-10-18 16:00:00+00:00,,2026-09-16 10:45:20+00:00,
ripple,xrp,XRP,https://coin-images.coingecko.com/coins/images/44/large/xrp-symbol-white-128.png?1696501442,1.29,81101649215,5,128961526077,5911006382.0,1.46,1.27,-0.11160462101688418,-7.94897,-7015803421.521561,-7.96188,62879209849.0,99985622230.0,100000000000.0,3.65,-64.62868,2025-07-17 19:40:53+00:00,0.00268621,47914.62175,2014-05-21 16:00:00+00:00,,2026-09-16 10:45:20+00:00,
usd-coin,usdc,USDC,https://coin-images.coingecko.com/coins/images/6319/large/USDC.png?1769615602,0.999693,73674635049,6,73680711444,19997509893.0,1.0,0.999605,-9.8297229283228e-05,-0.01307,-468184752.03414917,-0.63146,73699287894.67174,73707016288.22256,,1.043,-4.1948,2018-11-14 16:00:00+00:00,0.877647,13.90613,2023-03-11 00:02:13+00:00,,2026-09-16 10:45:20+00:00,
solana,sol,Solana,https://coin-images.coingecko.com/coins/images/4128/large/solana.png?1718769756,97.27,57099743096,7,61675592623,3910385121.0,101.32,96.07,-3.684399059552433,-3.64965,-2164416895.575989,-3.65215,587064675.7892185,634110738.7164669,,293.31,-66.83669,2025-01-19 03:15:27+00:00,0.500801,19323.26618,2020-05-11 11:35:23+00:00,,2026-09-16 10:45:20+00:00,
tron,trx,TRON,https://coin-images.coingecko.com/coins/images/1094/large/photo_2026-04-13_09-59-16.png?1776048311,0.33469,31772053639,8,31772062183,506103308.0,0.338782,0.331863,-0.003913037534601371,-1.18858,-378743847.67910004,-1.17802,94952212599.49309,94952208786.20398,,0.431288,-22.39761,2024-12-03 16:10:40+00:00,0.00180434,18449.1528,2017-11-11 16:00:00+00:00,"{'times': 175.1043664864822, 'currency': 'usd', 'percentage': 17510.43664864822}",2026-09-16 10:45:20+00:00,17510.43664864822
figure-heloc,figr_heloc,Figure Heloc,https://coin-images.coingecko.com/coins/images/68480/large/figure.png?1755863954,1.003,22696334368,9,22696334368,785264562.0,1.047,1.003,,,,,22624876494.218,22624876494.218,,1.061,-5.41032,2026-08-03 14:19:20+00:00,0.155357,545.7134,2025-10-31 06:27:24+00:00,,2026-09-16 10:42:20+00:00,
zcash,zec,Zcash,https://coin-images.coingecko.com/coins/images/486/large/Brandmark-Yellow_%281%29.png?1785810558,1209.19,20482675779,9,20484554402,1315436305.0,1212.19,1088.87,65.49,5.78475,1116862125.0,5.76718,16933759.5405448,16935376.7280448,21000000.0,3191.93,-62.11721,2016-10-28 16:00:00+00:00,16.08,7419.7901,2024-07-04 20:22:29+00:00,,2026-09-16 10:45:20+00:00,
hyperliquid,hype,Hyperliquid,https://coin-images.coingecko.com/coins/images/50882/large/hyperliquid.jpg?1729431300,77.92,17329426427,10,74422309358,902755477.0,79.72,75.27,-1.474285359830077,-1.86469,-330579619.4407959,-1.87191,222445714.07414138,955307079.4341414,1000000000.0,89.6,-13.04033,2026-09-06 12:28:40+00:00,3.81,1945.71356,2024-11-29 01:30:30+00:00,,2026-09-16 10:45:20+00:00,
dogecoin,doge,Dogecoin,https://coin-images.coingecko.com/coins/images/5/large/dogecoin.png?1696501409,0.079902,12455349604,11,13710279731,826491677.0,0.083349,0.078671,-0.002859132923648047,-3.4782,-449050687.8474941,-3.47983,155937816383.70526,171649733126.5791,,0.731578,-89.07819,2021-05-07 21:08:23+00:00,8.69e-05,91842.60812,2015-05-05 16:00:00+00:00,,2026-09-16 10:45:20+00:00,
rain,rain,Rain,https://coin-images.coingecko.com/coins/images/69134/large/Rain_logo_1_.png?1762952191,0.01374541,9734210271,12,15679528450,27362337.0,0.01451168,0.0125296,0.00046708,3.4391,316817978.0,3.36418,709233370965.0522,1142408526965.963,1150000000000.0,0.01946402,-29.38045,2026-08-25 19:53:00+00:00,0.00222126,518.81154,2025-09-14 00:56:57+00:00,,2026-09-16 10:45:20+00:00,
usds,usds,USDS,https://coin-images.coingecko.com/coins/images/39926/large/usds.webp?1726666683,0.999372,9577584788,13,9577975150,215389182.0,0.999799,0.999215,-0.000362771713414478,-0.04003,-276101141.1619377,-2.80201,9583931558.104593,9584684564.339922,,1.057,-5.4809,2024-10-28 21:40:51+00:00,0.948265,5.38945,2024-10-03 05:19:28+00:00,,2026-09-16 10:45:20+00:00,
monero,xmr,Monero,https://coin-images.coingecko.com/coins/images/69/large/monero_logo.png?1696501460,505.36,9495733940,14,9495750300,117494630.0,519.62,494.65,-12.096061255151199,-2.41867,-234923114.9998417,-2.41426,18805306.35373624,18805352.55304845,,797.73,-36.65057,2026-01-14 11:34:07+00:00,0.216177,233671.95756,2015-01-13 16:00:00+00:00,,2026-09-16 10:45:20+00:00,
whitebit,wbt,WhiteBIT Coin,https://coin-images.coingecko.com/coins/images/27045/large/wbt_token.png?1696526096,78.03,9198373554,15,22904402348,167537231.0,79.84,77.27,-1.6241138129529276,-2.04956,-191981794.2765007,-2.04446,117882016.0,293532015.0,400000000.0,83.22,-6.23303,2026-09-11 14:03:10+00:00,3.06,2448.74532,2023-02-13 11:01:21+00:00,,2026-09-16 10:45:20+00:00,
leo-token,leo,LEO Token,https://coin-images.coingecko.com/coins/images/8418/large/leo-token.png?1696508607,8.88,8169784749,16,8750476671,334531.0,9.0,8.73,-0.10971918551528326,-1.21984,-100906777.81019497,-1.22005,919857851.9,985239504.0,,10.61,-16.31601,2026-05-04 09:35:00+00:00,0.799859,1010.38948,2019-12-24 07:14:35+00:00,,2026-09-16 10:45:20+00:00,
chainlink,link,Chainlink,https://coin-images.coingecko.com/coins/images/877/large/Chainlink_Logo_500.png?1760023405,10.82,8093748456,17,10819073354,453972446.0,11.49,10.68,-0.5673533289832129,-4.98992,-425934291.50002766,-4.99941,748099970.424884,1000000000.0,1000000000.0,52.7,-79.46524,2021-05-09 16:13:57+00:00,0.148183,7202.52706,2017-11-28 16:00:00+00:00,,2026-09-16 10:45:20+00:00,
cardano,ada,Cardano,https://coin-images.coingecko.com/coins/images/975/large/cardano.png?1696502090,0.194494,7296679438,18,8752111721,466646276.0,0.207456,0.192225,-0.010675965618795913,-5.18237,-400620855.31481457,-5.20469,37516725700.17653,45000000000.0,45000000000.0,3.09,-93.6994,2021-09-01 22:00:10+00:00,0.01925275,910.21359,2020-03-12 18:22:55+00:00,,2026-09-16 10:45:20+00:00,
stellar,xlm,Stellar,https://coin-images.coingecko.com/coins/images/100/large/fmpFRHHQ_400x400.jpg?1735231350,0.175427,6111574437,19,8770659618,390932466.0,0.198377,0.173614,-0.018994403798179432,-9.68484,-662108752.7918777,-9.77472,34842264503.25859,50001786839.70148,,0.875563,-79.96412,2018-01-02 16:00:00+00:00,0.00047612,36744.81675,2015-03-04 16:00:00+00:00,,2026-09-16 10:45:20+00:00,
ethena-usde,usde,Ethena USDe,https://coin-images.coingecko.com/coins/images/33613/large/usde.png?1733810059,0.999032,4728850099,20,4728850099,88673427.0,0.999657,0.998924,-0.000548985280785064,-0.05651,47119322.0,1.00645,4733583525.263079,4733583525.263079,,1.034,-3.3841,2025-12-09 09:10:12+00:00,0.929486,7.48214,2024-10-03 23:57:15+00:00,,2026-09-16 10:45:20+00:00,
dai,dai,Dai,https://coin-images.coingecko.com/coins/images/9956/large/Badge_Dai.png?1696509996,1.0,4578565009,21,4578609650,337506464.0,1.0,0.999735,0.00031973,0.0164,-16587756.09837532,-0.36098,4577880650.888247,4582428736.719938,,1.22,-17.95128,2020-03-12 19:02:50+00:00,0.88196,13.3971,2023-03-10 23:50:50+00:00,,2026-09-16 10:45:20+00:00,
bitcoin-cash,bch,Bitcoin Cash,https://coin-images.coingecko.com/coins/images/780/large/bitcoin-cash-circle.png?1696501932,218.8,4395478605,22,4395537405,147233531.0,224.8,213.37,-3.4500358609541877,-1.5332,-69383344.80362988,-1.55399,20089853.02165077,20089859.27165077,21000000.0,3785.82,-94.22055,2017-12-19 16:00:00+00:00,76.93,184.39621,2018-12-15 16:00:00+00:00,,2026-09-16 10:45:20+00:00,
usd1-wlfi,usd1,USD1,https://coin-images.coingecko.com/coins/images/54977/large/USD1_1000x1000_transparent.png?1749297002,0.999213,4343069421,23,4343069421,1156834777.0,0.999534,0.999034,-0.000214605853390171,-0.02476,-1051431.6792821884,-0.0242,4346607627.726874,4346607627.726874,,1.048,-4.64905,2026-07-09 10:14:50+00:00,0.988762,1.05696,2026-07-09 09:13:20+00:00,,2026-09-16 10:45:20+00:00,
litecoin,ltc,Litecoin,https://coin-images.coingecko.com/coins/images/2/large/litecoin.png?1696501400,50.71,3935594641,25,3935767684,243888702.0,52.81,50.56,-1.8602284632164725,-3.55172,-144613388.59032917,-3.54427,77612279.40124893,77615948.16127186,84000000.0,410.26,-87.63883,2021-05-09 19:13:07+00:00,1.15,4314.26174,2015-01-13 16:00:00+00:00,,2026-09-16 10:45:20+00:00,
uniswap,uni,Uniswap,https://coin-images.coingecko.com/coins/images/12504/large/uniswap-logo.png?1720676669,6.31,3932904068,24,5619424895,680695788.0,6.82,6.18,-0.3888998924691709,-5.77979,-240855805.75684214,-5.77072,623212423.7271129,890460420.0329479,1000000000.0,44.92,-85.95559,2021-05-02 21:25:04+00:00,1.03,512.37176,2020-09-16 17:20:38+00:00,,2026-09-16 10:45:20+00:00,
the-open-network,gram,Gram (prev. Toncoin),https://coin-images.coingecko.com/coins/images/17980/large/Gram_Circular_Badge.png?1781524778,1.31,3665590730,26,6886109587,27915075.0,1.34,1.31,-0.02999213068879092,-2.16393,-75340753.09037495,-2.01396,2794664601.9219594,5250042781.851522,,8.25,-84.11531,2024-06-14 16:36:51+00:00,0.519364,152.43581,2021-09-20 16:33:11+00:00,,2026-09-16 10:45:20+00:00,
canton-network,cc,Canton,https://coin-images.coingecko.com/coins/images/70468/large/Canton-Ticker_%281%29.png?1762826299,0.090866,3599167432,27,3599167432,9185830.0,0.095507,0.090148,-0.004515368809198256,-4.69348,-177436411.05546045,-4.69831,39600380834.96856,39600380834.96856,,0.194152,-53.19852,2026-02-03 00:02:08+00:00,0.059024,53.94715,2025-12-06 02:32:09+00:00,,2026-09-16 10:45:20+00:00,
global-dollar,usdg,Global Dollar,https://coin-images.coingecko.com/coins/images/51281/large/GDN_USDG_Token_200x200.png?1730484111,1.0,3283704855,28,3283704855,1162554470.0,1.0,0.999809,1.352e-05,-0.00129,-32189063.067149162,-0.97075,3283758930.547109,3283758930.547109,,1.65,-39.55877,2025-01-29 16:11:05+00:00,0.907561,10.18649,2024-11-11 15:55:50+00:00,,2026-09-16 10:45:20+00:00,
hedera-hashgraph,hbar,Hedera,https://coin-images.coingecko.com/coins/images/3688/large/hbar.png?1696504364,0.074336,3258205209,29,3716734588,98608204.0,0.079821,0.073712,-0.003047562928004358,-3.93311,-133629598.50414515,-3.93974,43831556056.48628,50000000000.0,50000000000.0,0.569229,-86.94096,2021-09-15 02:40:28+00:00,0.00986111,653.82819,2020-01-02 09:30:24+00:00,,2026-09-16 10:45:20+00:00,
avalanche-2,avax,Avalanche,https://coin-images.coingecko.com/coins/images/12559/large/Avalanche_Circle_RedWhite_Trans.png?1696512369,7.26,3216191581,30,3409878629,288662106.0,7.61,7.19,-0.2574117898442072,-3.41437,-111827724.4299531,-3.36019,442820595.57052505,469489292.4145272,720000000.0,144.96,-94.9896,2021-11-21 06:18:56+00:00,2.8,159.29905,2020-12-31 05:15:21+00:00,,2026-09-16 10:45:20+00:00,
near,near,NEAR Protocol,https://coin-images.coingecko.com/coins/images/10365/large/near.jpg?1696510367,2.43,3169624547,31,3169624602,332125433.0,2.43,2.3,0.03104625,1.28947,39974377.0,1.27728,1306460927.0,1306460927.0,,20.44,-88.12653,2022-01-16 14:09:45+00:00,0.526762,360.6846,2020-11-04 08:09:15+00:00,,2026-09-16 10:45:20+00:00,
shiba-inu,shib,Shiba Inu,https://coin-images.coingecko.com/coins/images/11939/large/shiba.png?1696511800,4.88e-06,2877327251,32,2878581490,89029166.0,5.2e-06,4.83e-06,-2.78443938988e-07,-5.3969,-164677696.96393156,-5.41346,589239232074943.9,589496238721205.9,,8.616e-05,-94.33122,2021-10-27 19:54:55+00:00,5.6366e-11,8664906.26879,2020-11-28 03:26:25+00:00,,2026-09-16 10:45:20+00:00,
sui,sui,Sui,https://coin-images.coingecko.com/coins/images/26375/large/sui-ocean-square.png?1727791290,0.68992,2825918865,33,6898311339,523354084.0,0.716401,0.675641,-0.020723903820794476,-2.91239,-85259537.18439817,-2.9287,4096537146.5409594,10000000000.0,10000000000.0,5.35,-87.09602,2025-01-04 14:56:18+00:00,0.364846,89.09875,2023-10-19 02:40:30+00:00,,2026-09-16 10:45:20+00:00,
paypal-usd,pyusd,PayPal USD,https://coin-images.coingecko.com/coins/images/31212/large/PYUSD_Token_Logo_2x.png?1765987788,0.999519,2817896624,34,2817896624,117882279.0,0.999793,0.999375,-0.000216917264548089,-0.02528,-40109583.46803427,-1.40341,2819345269.6271477,2819345269.627147,,1.021,-2.07877,2023-10-23 14:44:57+00:00,0.959426,4.1788,2024-12-05 14:31:13+00:00,,2026-09-16 10:45:20+00:00,
tether-gold,xaut,Tether Gold,https://coin-images.coingecko.com/coins/images/10481/large/logo.png?1774627372,4344.05,2705497495,35,3074398262,168964365.0,4334.81,4273.35,66.7,1.55687,41459152.0,1.55625,622823.6595320001,707747.089,,5504.62,-21.08348,2026-01-28 16:00:00+00:00,1447.84,200.03644,2020-03-19 05:45:41+00:00,,2026-09-16 10:45:20+00:00,
blackrock-usd-institutional-digital-liquidity-fund,buidl,BlackRock USD Institutional Digital Liquidity Fund,https://coin-images.coingecko.com/coins/images/36291/large/blackrock.png?1711013223,1.0,2701488574,36,2701488574,0.0,1.0,1.0,1.11e-16,0.0,-24627618.479999542,-0.9034,2701488573.550449,2701488573.550449,,1.0,0.0,2025-02-11 21:00:10+00:00,1.0,0.0,2026-07-23 07:25:00+00:00,,2026-09-16 10:45:20+00:00,
crypto-com-chain,cro,Cronos,https://coin-images.coingecko.com/coins/images/7310/large/cro_token_logo.png?1696507599,0.055456,2692744574,37,5485782632,9214932.0,0.058087,0.05466,-0.001918707869676239,-3.34497,-93153298.23348427,-3.34374,48558007646.287674,98924647061.22173,100000000000.0,0.891544,-93.77976,2021-11-23 16:00:00+00:00,0.0121196,357.57482,2019-02-07 16:00:00+00:00,,2026-09-16 10:45:20+00:00,
hashnote-usyc,usyc,Circle USYC,https://coin-images.coingecko.com/coins/images/51054/large/Hashnote_SDYC_200x200.png?1730370965,1.14,2605983780,38,2605983780,0.0,1.14,1.14,9.804e-05,0.00862,399485.0,0.01533,2291321221.608375,2291321221.608375,,1.14,0.0,2026-09-15 13:00:30+00:00,1.026,10.83957,2024-12-05 14:31:20+00:00,,2026-09-16 10:45:20+00:00,
memecore,m,MemeCore,https://coin-images.coingecko.com/coins/images/53247/large/square-bg-transparent.png?1752637478,1.1,2502613379,39,5960712037,646605.0,1.15,1.095,-0.000773315646135586,-0.11096,-2342953.998374939,-0.09353,2273401186.780368,5414775583.665193,10000000000.0,5.64,-80.48585,2026-07-02 04:14:00+00:00,0.04746135,2220.33083,2025-07-03 19:56:17+00:00,,2026-09-16 10:45:20+00:00,
bittensor,tao,Bittensor,https://coin-images.coingecko.com/coins/images/28452/large/ARUsPeNQ_400x400.jpeg?1696527447,216.69,2456765448,40,4549707703,179282981.0,226.99,213.51,-9.679651320435397,-4.27561,-110196545.06700754,-4.29288,11339645.9251,21000000.0,21000000.0,757.6,-71.3979,2024-03-07 10:45:36+00:00,30.83,602.85801,2023-05-14 00:57:53+00:00,,2026-09-16 10:45:20+00:00,
ripple-usd,rlusd,Ripple USD,https://coin-images.coingecko.com/coins/images/39651/large/RLUSD_200x200_%281%29.png?1727376633,1.0,2345496637,41,2345496637,363077332.0,1.001,0.999643,7.18e-05,0.00769,-27764752.814120293,-1.1699,2345466285.36754,2345466285.367541,,1.073,-6.78654,2024-12-26 02:45:52+00:00,0.962292,3.9197,2024-12-17 20:40:40+00:00,,2026-09-16 10:45:20+00:00,
okb,okb,OKB,https://coin-images.coingecko.com/coins/images/4463/large/WeChat_Image_20220118095654.png?1696505053,110.27,2315706137,42,2315706137,20314037.0,113.06,108.53,-2.814238198935314,-2.49044,-59106475.41624498,-2.48889,21000000.0,21000000.0,21000000.0,228.74,-51.7914,2025-10-04 16:00:00+00:00,0.580608,18892.51773,2019-01-13 16:00:00+00:00,,2026-09-16 10:45:20+00:00,
ondo-us-dollar-yield,usdy,Ondo US Dollar Yield,https://coin-images.coingecko.com/coins/images/31700/large/usdy_%281%29.png?1696530524,1.15,2240585983,43,2240585983,2778030.0,1.15,1.14,0.00162447,0.06287,9762085.0,0.4376,1954710080.8249032,1954710080.824903,,1.26,-9.24408,2024-03-26 21:24:08+00:00,0.934184,22.70488,2024-01-14 03:40:50+00:00,,2026-09-16 10:45:20+00:00,
bitway,btw,Bitway,https://coin-images.coingecko.com/coins/images/71205/large/BTW_Token_200x200.png?1786291907,0.778034,2108818535,44,7786956210,16459347.0,0.786759,0.679488,0.070675,10.0115,193191390.0,10.08502,2708142280.000001,10000000000.0,10000000000.0,0.786759,-1.10899,2026-09-16 04:35:40+00:00,0.00911805,8432.89627,2026-03-03 06:55:24+00:00,,2026-09-16 10:45:20+00:00,
pax-gold,paxg,PAX Gold,https://coin-images.coingecko.com/coins/images/9519/large/asset-paxg.png?1785284785,4350.13,1890074654,45,1890074654,169186620.0,4340.33,4275.34,71.59,1.67003,37865486.0,2.04434,434499.367539,434499.367539,,5619.09,-22.58305,2026-01-28 22:30:56+00:00,1399.64,210.80306,2019-11-17 19:09:35+00:00,,2026-09-16 10:45:20+00:00,
aave,aave,Aave,https://coin-images.coingecko.com/coins/images/12645/large/aave-token-round.png?1720472354,119.73,1847149278,46,1915662866,262168794.0,129.02,118.4,-7.782562965125152,-6.10615,-120079515.99234247,-6.10399,15427760.789847402,16000000.0,16000000.0,661.69,-81.90535,2021-05-18 13:19:59+00:00,26.02,360.09239,2020-11-05 01:20:11+00:00,,2026-09-16 10:45:20+00:00,
aster-2,aster,Aster,https://coin-images.coingecko.com/coins/images/69040/large/_ASTER.png?1757326782,0.673094,1819959328,47,5252415421,94910843.0,0.696334,0.662325,-0.01508943859499623,-2.19,-40938931.70395684,-2.19996,2704071066.7997313,7803968119.651995,8000000000.0,2.41,-72.05611,2025-09-24 03:18:14+00:00,0.099713,575.02863,2025-09-17 04:05:36+00:00,,2026-09-16 10:45:20+00:00,
world-liberty-financial,wlfi,World Liberty Financial,https://coin-images.coingecko.com/coins/images/50767/large/wlfi.png?1756438915,0.056907,1808296506,48,5690516517,33668473.0,0.057633,0.056071,-0.000531840109347911,-0.9334,-16967205.76488185,-0.92958,31777370298.0,100000000000.0,100000000000.0,0.331336,-82.82489,2025-09-01 04:20:09+00:00,0.04828182,17.86484,2026-09-11 10:24:10+00:00,,2026-09-16 10:45:20+00:00,
mantle,mnt,Mantle,https://coin-images.coingecko.com/coins/images/30980/large/MNT_Token_Logo.png?1765516974,0.543369,1794324124,49,3379308102,22368751.0,0.561192,0.537594,-0.015717984011827113,-2.81458,-51945868.99341607,-2.81356,3302294382.53684,6219316794.889999,6219316794.89,2.86,-80.96818,2025-10-08 17:04:46+00:00,0.307978,76.43141,2023-10-17 18:50:46+00:00,,2026-09-16 10:45:20+00:00,
pump-fun,pump,Pump.fun,https://coin-images.coingecko.com/coins/images/67164/large/pump.jpg?1751949376,0.00362146,1695245764,50,3018501863,147685675.0,0.00367071,0.0034046,7e-06,0.16762,1881340.0,0.1111,468263373992.83167,833775194248.1028,1000000000000.0,0.00881908,-58.93615,2025-09-14 08:42:40+00:00,0.00115473,213.62027,2026-06-25 17:04:20+00:00,,2026-09-16 10:45:20+00:00,
polkadot,dot,Polkadot,https://coin-images.coingecko.com/coins/images/12171/large/polkadot.jpg?1766533446,0.958801,1632842021,51,1632845569,147781965.0,0.995188,0.937387,-0.03620870283325239,-3.64891,-61522363.89024615,-3.631,1703008254.335397,1703017782.532089,2100000000.0,54.98,-98.25606,2021-11-04 06:10:09+00:00,0.727004,31.8839,2026-08-18 02:57:10+00:00,,2026-09-16 10:45:20+00:00,
ondo-finance,ondo,Ondo,https://coin-images.coingecko.com/coins/images/26580/large/ONDO.png?1696525656,0.327002,1592471132,52,3270410756,130056429.0,0.352507,0.323088,-0.021430391781631863,-6.14697,-104161161.7353034,-6.13929,4869330647.0,10000000000.0,10000000000.0,2.14,-84.72065,2024-12-15 16:36:00+00:00,0.082171,297.95303,2024-01-18 04:14:30+00:00,,2026-09-16 10:45:20+00:00,
usdd,usdd,USDD,https://coin-images.coingecko.com/coins/images/25380/large/UUSD.jpg?1696524513,0.998641,1511341527,53,1514762670,4005916.0,0.999364,0.998222,-0.000514205454248073,-0.03631,6946110.0,0.46172,1513164099.0,1512688187.0,,1.24,-19.60761,2026-07-09 09:35:10+00:00,0.928067,7.60437,2022-06-19 08:15:11+00:00,,2026-09-16 10:45:20+00:00,
htx-dao,htx,HTX DAO,https://coin-images.coingecko.com/coins/images/35491/large/Frame_1321318576.png?1708908626,1.66e-06,1489054860,54,1489054860,15450699.0,1.7e-06,1.65e-06,-3.3605294248e-08,-1.98351,-30125038.867025852,-1.98298,898232728634017.2,898232728634017.2,999990000000000.0,3.75e-06,-55.81248,2024-12-03 16:16:20+00:00,8.00816e-07,107.00052,2024-08-05 05:31:33+00:00,,2026-09-16 10:45:20+00:00,
ethena,ena,Ethena,https://coin-images.coingecko.com/coins/images/36530/large/ethena.png?1711701436,0.144506,1458459898,55,2167035292,342576212.0,0.146807,0.135956,0.001748,1.22969,17274321.0,1.19862,10095312500.0,15000000000.0,15000000000.0,1.52,-90.47864,2024-04-11 05:15:15+00:00,0.070228,105.76537,2026-06-30 15:44:00+00:00,,2026-09-16 10:45:20+00:00,
morpho,morpho,Morpho,https://coin-images.coingecko.com/coins/images/29837/large/Morpho-token-icon.png?1726771230,2.1,1445404772,56,2097264342,20601365.0,2.16,2.06,-0.04731963953499818,-2.22818,-32697754.58873844,-2.21214,689185785.366498,1000000000.0,1000000000.0,4.17,-49.70623,2025-01-17 04:46:19+00:00,0.713151,194.12491,2024-11-24 17:55:43+00:00,,2026-09-16 10:45:20+00:00,
pepe,pepe,Pepe,https://coin-images.coingecko.com/coins/images/29850/large/pepe-token.jpeg?1696528776,3.35e-06,1407641482,57,1407641482,237668438.0,3.49e-06,3.28e-06,-9.7587916909e-08,-2.83324,-40826167.94722581,-2.81858,420690000000000.0,420690000000000.0,420690000000000.0,2.803e-05,-88.06384,2024-12-09 08:30:35+00:00,5.5142e-08,5966.99926,2023-04-17 18:14:41+00:00,,2026-09-16 10:45:20+00:00,
internet-computer,icp,Internet Computer,https://coin-images.coingecko.com/coins/images/14495/large/Internet_Computer_logo.png?1696514180,2.51,1399109127,58,1399109127,47709259.0,2.59,2.45,-0.06896907930476281,-2.7128,-38672312.52078223,-2.68972,556865810.7711952,556865843.2945659,,700.65,-99.64132,2021-05-10 08:05:53+00:00,2.0,25.48742,2026-08-01 20:31:10+00:00,,2026-09-16 10:45:20+00:00,
sky,sky,Sky,https://coin-images.coingecko.com/coins/images/39925/large/sky.jpg?1724827980,0.059385,1391346373,59,1393441435,10450080.0,0.063007,0.058533,-0.00299405480715869,-4.7677,-69954054.62435651,-4.78711,23424532004.999016,23459804203.60596,23462665147.3,0.100535,-40.9316,2024-12-04 02:13:57+00:00,0.03582727,65.75237,2025-02-02 21:01:48+00:00,,2026-09-16 10:45:20+00:00,
usdgo,usdgo,USDGO,https://coin-images.coingecko.com/coins/images/102172077/large/USDGO_%287%29.png?1771437018,1.0,1376932510,60,1376932510,30438708.0,1.0,0.99992,6.418e-05,-0.00024,-5002022.451789618,-0.36196,1376792098.16,1376792098.16,,1.002,-0.22366,2026-03-11 00:04:22+00:00,0.999259,0.09091,2026-05-13 20:34:00+00:00,,2026-09-16 10:45:20+00:00,
spiko-amundi-overnight-swap-fund-eur,eursafo,Spiko Amundi Overnight Swap Fund (EUR),https://coin-images.coingecko.com/coins/images/102172591/large/Fund_eurSAF0.png?1774104814,1.17,1376616615,62,1376616615,0.0,1.17,1.17,-0.000213262989853469,-0.01825,937501.0,0.06815,1178470806.74904,1178470806.74904,,1.18,-1.31991,2026-08-21 11:35:00+00:00,1.15,1.21618,2026-07-30 07:40:10+00:00,,2026-09-16 10:45:20+00:00,
united-stables,u,United Stables,https://coin-images.coingecko.com/coins/images/71157/large/united-stables-logo.jpg?1766061640,0.999557,1376568633,61,1376568633,236902806.0,0.999963,0.999166,-0.000306665031274633,-0.01889,54104697.0,4.0912,1377129007.8,1377129007.8,,1.008,-0.81584,2026-02-05 13:06:07+00:00,0.968158,3.24316,2025-12-20 16:47:20+00:00,,2026-09-16 10:45:20+00:00,
falcon-finance,usdf,Falcon USD,https://coin-images.coingecko.com/coins/images/54558/large/ff_200_X_200.png?1740741076,0.99566,1339007867,63,1339007867,550684.0,0.996406,0.995659,-0.000614436735838941,-0.065,-521631.53895401955,-0.03894,1344884513.993609,1344884513.993609,,1.075,-7.34446,2025-05-08 13:25:42+00:00,0.943422,5.53704,2025-07-08 02:16:34+00:00,,2026-09-16 10:45:20+00:00,
bitget-token,bgb,Bitget Token,https://coin-images.coingecko.com/coins/images/11610/large/Bitget_logo.png?1736925727,1.91,1335023525,64,1737306634,13735411.0,1.94,1.86,-0.0228600357348705,-1.16445,-16051967.348918438,-1.18809,699992029.6481038,910920874.6481038,2000000000.0,8.45,-77.42963,2024-12-27 03:41:24+00:00,0.0142795,13256.69517,2020-06-24 20:17:05+00:00,,2026-09-16 10:45:20+00:00,
bfusd,bfusd,BFUSD,https://coin-images.coingecko.com/coins/images/68227/large/bfusd.png?1755132827,0.999319,1319057250,65,1319057250,1243874.0,0.999677,0.999119,-0.0002089860296004,-0.02454,-319388.41194581985,-0.02421,1320000000.0,1320000000.0,,1.007,-0.75534,2025-10-10 13:40:40+00:00,0.996931,0.23953,2026-07-29 19:14:40+00:00,,2026-09-16 10:45:20+00:00,
worldcoin-wld,wld,Worldcoin,https://coin-images.coingecko.com/coins/images/31069/large/worldcoin.jpeg?1696529903,0.365879,1315398109,66,3658250607,153152799.0,0.378866,0.356093,-0.007367648536292015,-1.95999,-26144996.217078924,-1.94887,3595702565.8891077,10000000000.0,10000000000.0,11.74,-96.88365,2024-03-09 16:10:42+00:00,0.229961,59.10454,2026-05-18 15:06:00+00:00,,2026-09-16 10:45:20+00:00,
ethereum-classic,etc,Ethereum Classic,https://coin-images.coingecko.com/coins/images/453/large/ethereum-classic-logo.png?1696501717,7.18,1136065067,67,1136067863,44155744.0,7.46,7.11,-0.23811913268514218,-3.1992,-37517725.94362235,-3.19685,158183640.1257251,158184431.6777251,210700000.0,167.09,-95.70191,2021-05-06 10:34:22+00:00,0.615038,1067.64837,2016-07-24 16:00:00+00:00,"{'times': 14.952931813753306, 'currency': 'usd', 'percentage': 1495.2931813753307}",2026-09-16 10:45:20+00:00,1495.2931813753307
lighter,lit,Lighter,https://coin-images.coingecko.com/coins/images/71121/large/lighter.png?1765888098,4.31,1078727443,68,4314909774,101772508.0,4.48,4.01,-0.08615611867939954,-1.98102,-21376192.79253602,-1.94311,250000000.0,1000000000.0,1000000000.0,7.86,-45.10982,2025-12-30 01:05:21+00:00,0.779399,453.53679,2026-03-31 09:55:00+00:00,,2026-09-16 10:45:20+00:00,
venice-token,vvv,Venice Token,https://coin-images.coingecko.com/coins/images/54023/large/VVV_Token_Transparent.png?1741856877,22.38,1073396772,69,1810981338,40321047.0,22.82,21.2,0.222024,0.9858,10298754.0,0.96875,48002638.92960311,81020287.69937833,,29.19,-23.31458,2026-09-09 07:42:00+00:00,0.91975,2333.44766,2025-12-01 10:55:48+00:00,,2026-09-16 10:45:20+00:00,
arbitrum,arb,Arbitrum,https://coin-images.coingecko.com/coins/images/16547/large/arb.jpg?1721358242,0.160921,1071253366,70,1604134750,584932137.0,0.159708,0.13466,0.02626044,19.0701,171977081.0,19.12394,6678075931.0,10000000000.0,10000000000.0,2.39,-93.26768,2024-01-12 04:29:59+00:00,0.07048,128.32241,2026-06-26 13:20:40+00:00,,2026-09-16 10:45:20+00:00,
polygon-ecosystem-token,pol,POL (ex-MATIC),https://coin-images.coingecko.com/coins/images/32440/large/pol.png?1759114181,0.095445,1022187207,71,1022187207,94736232.0,0.098305,0.090587,-0.001266082020359952,-1.35945,-14039297.2926296,-1.35485,10715266597.60465,10715266597.60465,,1.29,-92.58716,2024-03-13 10:55:06+00:00,0.067711,40.95897,2026-07-01 01:13:30+00:00,,2026-09-16 10:45:20+00:00,
blockchain-capital,bcap,Blockchain Capital,https://coin-images.coingecko.com/coins/images/56040/large/bcap_logo_200.png?1748088291,106.54,970804306,72,970804306,0.0,106.54,106.54,0.0,0.0,0.0,0.0,9112111.0,9112111.0,,106.54,0.0,2026-09-15 03:30:00+00:00,17.76,499.88739,2025-06-02 12:50:02+00:00,,2026-09-16 10:45:20+00:00,
gatechain-token,gt,Gate,https://coin-images.coingecko.com/coins/images/8183/large/200X200.png?1735246724,9.08,967922335,73,1079131241,4409723.0,9.21,8.97,-0.11775593314735566,-1.04885,-12564486.986148357,-1.28145,106629946.42089622,118881178.52794142,142622844.0,25.38,-64.23576,2025-01-25 16:00:00+00:00,0.25754,3424.7194,2020-03-12 18:18:02+00:00,,2026-09-16 10:45:20+00:00,
just,jst,JUST,https://coin-images.coingecko.com/coins/images/11095/large/JUST.jpg?1696511035,0.116007,949776495,74,949776495,23930014.0,0.11612,0.113158,0.00085982,0.72613,6866554.0,0.72823,8188743036.341737,8188743036.341737,9900000000.0,0.193254,-39.97184,2021-04-04 20:34:23+00:00,0.00476275,2335.71427,2020-05-08 22:08:54+00:00,,2026-09-16 10:45:20+00:00,
pi-network,pi,Pi Network,https://coin-images.coingecko.com/coins/images/54342/large/pi_network.jpg?1739347576,0.083517,936160901,75,1440247540,15076999.0,0.096331,0.081803,-0.012524014017519972,-12.9657,-138837967.50804853,-12.91517,11200677938.00457,17231812212.31472,100000000000.0,2.99,-97.20455,2025-02-26 08:41:03+00:00,0.070586,18.31964,2026-07-14 02:37:30+00:00,,2026-09-16 10:45:20+00:00,
kucoin-shares,kcs,KuCoin,https://coin-images.coingecko.com/coins/images/1047/large/sa9z79.png?1696502152,6.78,929909641,76,963809590,4352404.0,6.98,6.76,-0.10547571692292124,-1.51643,-14426502.001294613,-1.52769,137155021.2773955,142155021.2773955,,28.83,-76.48379,2021-12-01 07:09:35+00:00,0.342863,1877.37767,2019-02-06 16:00:00+00:00,,2026-09-16 10:45:20+00:00,
kaspa,kas,Kaspa,https://coin-images.coingecko.com/coins/images/25751/large/kaspa-icon-exchanges.png?1696524837,0.03207401,888594483,77,888638097,12070306.0,0.03422557,0.03173331,-0.001616123844873023,-4.77314,-44638136.654183865,-4.78317,27701989210.639442,27703412767.51312,28704026601.0,0.207411,-84.53602,2024-07-31 16:40:47+00:00,0.00017105,18651.28964,2022-05-26 06:42:59+00:00,,2026-09-16 10:45:20+00:00,
quant-network,qnt,Quant,https://coin-images.coingecko.com/coins/images/3370/large/5ZOu7brX_400x400.jpg?1696504070,59.48,865198469,78,869262475,8128426.0,63.12,59.25,-3.4440645788471684,-5.44231,-49967187.39431834,-5.45991,14544176.164081175,14612493.0,14612493.0,427.42,-86.08423,2021-09-11 01:15:00+00:00,0.215773,27465.54895,2018-08-22 16:00:00+00:00,"{'times': 9.642168046391435, 'currency': 'eth', 'percentage': 964.2168046391434}",2026-09-16 10:45:20+00:00,964.2168046391434
eutbl,eutbl,Spiko EU T-Bills Money Market Fund,https://coin-images.coingecko.com/coins/images/39657/large/EUTBL.png?1723517425,1.22,801133036,79,801133036,0.0,1.22,1.22,-0.000237116668755588,-0.01941,-28624385.815052986,-3.44973,655893653.31917,655893653.31917,,1.26,-3.13873,2026-01-27 13:00:08+00:00,1.011,20.82231,2024-08-15 01:45:23+00:00,,2026-09-16 10:45:20+00:00,
algorand,algo,Algorand,https://coin-images.coingecko.com/coins/images/4380/large/download.png?1696504978,0.087983,795385057,80,795400812,47118957.0,0.098113,0.086795,-0.005983874091782068,-6.39468,-54196007.28345811,-6.37914,9041440361.74052,9041625139.879683,10000000000.0,3.56,-97.52938,2019-06-20 06:51:19+00:00,0.075732,16.17645,2026-07-29 20:10:10+00:00,"{'times': -0.9633611597406131, 'currency': 'usd', 'percentage': -96.33611597406131}",2026-09-16 10:45:20+00:00,-96.33611597406131
nexo,nexo,NEXO,https://coin-images.coingecko.com/coins/images/3695/large/CG-nexo-token-200x200_2x.png?1730414360,0.79349,793487740,81,793487740,5832374.0,0.808447,0.784022,-0.008229147260876868,-1.39073,-8231199.785047412,-1.02669,1000000000.0,1000000000.0,1000000000.0,4.07,-80.49421,2021-05-12 06:37:47+00:00,0.04515276,1657.34498,2018-09-12 16:00:00+00:00,"{'times': 6.934829601161424, 'currency': 'usd', 'percentage': 693.4829601161424}",2026-09-16 10:45:20+00:00,693.4829601161424
cosmos,atom,Cosmos Hub,https://coin-images.coingecko.com/coins/images/1481/large/cosmos_hub.png?1696502525,1.49,791656718,82,791658770,41529972.0,1.59,1.48,-0.0985727892253192,-6.19953,-52035998.27814543,-6.16765,531004088.271095,531017741.096876,,43.84,-96.59972,2021-09-19 16:00:00+00:00,1.16,28.516,2020-03-12 18:27:44+00:00,"{'times': 13.90155468590585, 'currency': 'usd', 'percentage': 1390.155468590585}",2026-09-16 10:45:20+00:00,1390.155468590585
superstate-short-duration-us-government-securities-fund-ustb,ustb,Invesco Short Duration US Government Securities Fund,https://coin-images.coingecko.com/coins/images/35012/large/Invesco_icon_lg.png?1780816895,11.21,749063384,83,747004019,0.0,11.21,11.21,0.003239,0.0289,-3717620.240510583,-0.49385,66806170.435223,66574290.797951,,11.21,0.0,2026-09-15 18:45:20+00:00,10.29,8.9569,2025-02-26 01:55:09+00:00,,2026-09-16 10:45:20+00:00,
janus-henderson-anemoy-aaa-clo-fund,jaaa,Janus Henderson Anemoy AAA CLO Fund,https://coin-images.coingecko.com/coins/images/70446/large/jaaa.png?1762078666,1.05,720567789,84,720567789,0.0,1.05,1.05,8.5e-05,0.0081,5580981.0,0.78057,686482557.075531,686482557.075531,,1.05,0.0,2026-09-15 11:40:00+00:00,1.009,3.97875,2025-12-06 06:10:05+00:00,,2026-09-16 10:45:20+00:00,
stable-2,stable,​​Stable,https://coin-images.coingecko.com/coins/images/69242/large/stable-logotype-framed-square-light.png?1762753913,0.02688926,709014339,85,2688849802,7773240.0,0.02772443,0.026721,-0.000726782191990783,-2.658,-18365943.752435684,-2.52494,26368685185.0,100000000000.0,100000000000.0,0.04323745,-37.81027,2026-05-14 23:31:00+00:00,0.0092214,191.59632,2025-12-23 21:49:32+00:00,,2026-09-16 10:45:20+00:00,
jupiter-exchange-solana,jup,Jupiter,https://coin-images.coingecko.com/coins/images/34188/large/jup.png?1704266489,0.211217,701388077,86,1449843310,66480929.0,0.232978,0.209445,-0.02094691247167413,-8.9925,-69248548.4524306,-8.98589,3319369204.37,6861487088.534288,10000000000.0,2.0,-89.43924,2024-01-31 07:02:47+00:00,0.135801,55.53405,2026-02-12 10:35:44+00:00,,2026-09-16 10:45:20+00:00,
gho,gho,GHO,https://coin-images.coingecko.com/coins/images/30663/large/gho-token-logo.png?1720517092,0.998487,697920932,87,697920932,8309425.0,0.998963,0.998372,-0.000316607663881086,-0.0351,-242683.0654642582,-0.03476,699000000.0,699000000.0,,1.03,-3.0447,2024-02-28 09:15:58+00:00,0.917065,8.87847,2023-10-23 20:41:04+00:00,,2026-09-16 10:45:20+00:00,
pancakeswap-token,cake,PancakeSwap,https://coin-images.coingecko.com/coins/images/12632/large/pancakeswap-cake-logo_%281%29.png?1696512440,2.17,693853198,88,719187579,67160851.0,2.3,2.16,-0.11792806802305922,-5.14766,-37731060.71167827,-5.15745,319430169.5738779,331093394.0061938,400000000.0,43.96,-95.05884,2021-04-30 02:08:22+00:00,0.194441,1017.236,2020-11-03 06:29:34+00:00,,2026-09-16 10:45:20+00:00,
dash,dash,Dash,https://coin-images.coingecko.com/coins/images/19/large/dash-logo.png?1696501423,52.67,676016968,89,676015220,104659022.0,53.5,49.94,-0.7040768100450379,-1.28842,-8802631.071236849,-1.28539,12830906.8495184,12830898.57924815,18920000.0,1493.59,-96.47327,2017-12-19 16:00:00+00:00,0.213899,24526.07701,2014-02-13 16:00:00+00:00,,2026-09-16 10:45:20+00:00,
janus-henderson-anemoy-treasury-fund,jtrsy,Janus Henderson Anemoy Treasury Fund,https://coin-images.coingecko.com/coins/images/70445/large/JTRSY.png?1762078582,1.12,675176286,90,675176286,0.0,1.12,1.12,0.0002,0.01792,-25029692.096185327,-3.57462,604951138.283703,604951138.283703,,1.12,0.0,2026-09-16 08:05:00+00:00,1.085,2.8866,2025-11-12 20:05:05+00:00,,2026-09-16 10:45:20+00:00,
render-token,render,Render,https://coin-images.coingecko.com/coins/images/11636/large/rndr.png?1696511529,1.3,674140294,91,693320871,42196444.0,1.37,1.29,-0.06395698056013455,-4.70277,-33220214.99274206,-4.69636,518776241.28269154,533536414.5626915,644245094.0,13.53,-90.3983,2024-03-17 08:30:24+00:00,0.03665669,3445.22073,2020-06-16 05:22:25+00:00,,2026-09-16 10:45:20+00:00,
filecoin,fil,Filecoin,https://coin-images.coingecko.com/coins/images/12817/large/filecoin.png?1696512609,0.806664,667569809,92,1578212463,145360910.0,0.887226,0.801439,-0.07786473363095114,-8.81723,-64655130.16665387,-8.82995,827813309.0,1957046323.0,,236.84,-99.6594,2021-04-01 05:29:41+00:00,0.612413,31.71896,2026-08-18 03:52:30+00:00,,2026-09-16 10:45:20+00:00,
akedo,ake,Akedo,https://coin-images.coingecko.com/coins/images/68410/large/akedo.png?1755678461,0.02851852,650007423,93,2851378726,73700389.0,0.02946829,0.02122811,0.00651893,30.12051,148499191.0,29.61052,22796250000.0,100000000000.0,100000000000.0,0.0363756,-21.59985,2026-09-02 21:45:20+00:00,0.00017407,16283.00322,2026-07-10 12:36:10+00:00,,2026-09-16 10:45:20+00:00,
vechain,vet,VeChain,https://coin-images.coingecko.com/coins/images/1167/large/VET.png?1742383283,0.00718838,618189578,94,618189578,13077751.0,0.00751785,0.00700311,-0.000155295704431501,-2.06331,-13257069.43462193,-2.09948,85985041177.0,85985041177.0,86712634466.0,0.280991,-97.44178,2021-04-18 17:08:21+00:00,0.00191713,274.95485,2020-03-12 18:29:59+00:00,"{'times': 0.0460201875015746, 'currency': 'eth', 'percentage': 4.60201875015746}",2026-09-16 10:45:20+00:00,4.60201875015746
beldex,bdx,Beldex,https://coin-images.coingecko.com/coins/images/5111/large/Beldex.png?1696505631,0.076073,598699310,95,756077104,8602006.0,0.076325,0.075209,0.00070292,0.92659,5488153.0,0.92516,7870702965.5831375,9939643443.361187,,0.450785,-83.12444,2018-12-16 16:00:00+00:00,0.00027519,27544.05947,2019-11-01 03:05:12+00:00,"{'times': -0.6958300381462414, 'currency': 'usd', 'percentage': -69.58300381462415}",2026-09-16 10:45:20+00:00,-69.58300381462415
ether-fi,ethfi,Ether.fi,https://coin-images.coingecko.com/coins/images/35958/large/etherfi.jpeg?1710254562,0.592294,572112751,96,572112751,36221786.0,0.620747,0.575364,-0.023442950807190832,-3.74,-22288468.8334862,-3.74973,965350000.0,965350000.0,1000000000.0,8.53,-93.05546,2024-03-27 15:14:46+00:00,0.26653,122.22397,2026-06-05 19:19:15+00:00,,2026-09-16 10:45:20+00:00,
xdce-crowd-sale,xdc,XDC Network,https://coin-images.coingecko.com/coins/images/2912/large/xdc-icon.png?1696503661,0.0276016,550525839,97,1050607674,11731300.0,0.02919974,0.02713273,-0.00129476109449601,-4.48565,-25860936.029682636,-4.48673,19946688440.0,38065686425.1,,0.192754,-85.68041,2021-08-20 20:39:48+00:00,0.00039532,6882.12404,2019-07-21 16:00:00+00:00,"{'times': 0.5254014190429748, 'currency': 'eth', 'percentage': 52.54014190429747}",2026-09-16 10:45:20+00:00,52.54014190429747
usual-usd,usd0,Usual USD,https://coin-images.coingecko.com/coins/images/38272/large/USD0LOGO.png?1716962811,0.999106,547109213,98,547109213,790676.0,0.999333,0.997592,0.00016955,0.01393,113584.0,0.02077,547613563.7506955,547613563.7506955,,1.33,-24.63558,2024-07-12 00:28:59+00:00,0.962885,3.7617,2025-04-10 00:30:51+00:00,,2026-09-16 10:45:20+00:00,
flare-networks,flr,Flare,https://coin-images.coingecko.com/coins/images/28624/large/FLR-icon200x200.png?1696527609,0.00627334,545609349,99,668505307,5313551.0,0.00681202,0.0062435,-0.000364408543430575,-5.50678,-31536130.702354312,-5.46416,86970320242.41383,106559887769.8427,,0.150073,-95.8198,2023-01-09 19:14:05+00:00,0.00586043,7.04582,2026-08-19 10:09:30+00:00,,2026-09-16 10:45:20+00:00,
